step,reward
10000,-29.589728994850162
20000,-42.005638693755124
30000,-66.082009621572
40000,-92.30387231002416
50000,-64.75357641503518
60000,-18.086373195719652
70000,-35.54818519283914
